date	persons
05-Mar-2007	40000
08-Mar-2007	60000
22-Mar-2007	85000
27-May-2007	350000
18-Jun-2007	400000
29-Jul-2007	500000
12-Sep-2007	700000
02-Oct-2007	739237
14-Jan-2008	1108856
21-Jul-2008	1478474
06-Mar-2010	1800000
20-Dec-2010	1960000
02-Mar-2011	2002000
01-Dec-2011	2126600
16-Dec-2012	2371168
06-Apr-2013	2442820
10-Jun-2013	2476140
13-Jul-2013	2479441
08-Nov-2013	2538994
11-Oct-2014	2636000 
02-Nov-2014	2644000
01-Dec-2014	2655000
01-Mar-2015	2687000
01-Apr-2015	2692000 
06-Oct-2015	2730675